Review,Sentiment
Product quality is excellent and I loved it,Positive
Delivery was very slow and disappointing,Negative
Amazing customer support experience,Positive
The item arrived damaged,Negative
Very happy with the purchase,Positive
Terrible packaging and poor quality,Negative
Fast delivery and great service,Positive
I am not satisfied with the product,Negative
Excellent features and easy to use,Positive
Waste of money,Negative
The product exceeded my expectations,Positive
Customer service was rude,Negative
Good value for the price,Positive
The app keeps crashing frequently,Negative
Highly recommend this product,Positive
The quality is very bad,Negative
Loved the design and performance,Positive
Delivery was delayed by many days,Negative
Very easy to set up and use,Positive
Not worth buying,Negative
